sha256,file_names,record_count,first_event,last_event,endpoint_count,endpoint_ids,file_name_count
036965c24ac54284e0bfac480395c91214e7b3c64d00215266a75e8977140f10,load-hub-i18n.bundle.js,2,2026-09-11 09:23:33,2026-09-11 09:35:09,1,EP4YIFHV,1
09ffa00c93df8c4e4780c36fcb6424d21d1ec67a84c0b18d25f6bf60a234a4f2,webex.desktop,1,2026-09-03 09:09:31,2026-09-03 09:09:31,1,EPGW2NY4,1
100d970fc784e9bcb37b707ec4ef69825b165a073659f4068070a165184a087f,shopping_iframe_driver.js,2,2026-09-11 09:23:33,2026-09-11 09:35:09,1,EP4YIFHV,1
18866b6f7308f73bc1b63193e50629bfd4fff701d6b9d3d2d6331b90e9162208,"Buy CP PLUS Dashboard Camera, Warranty NONE 1 year online _ Public Procurement Portal (PPP).pdf",2,2026-09-03 19:03:33,2026-09-04 18:10:01,1,EPAGTKNF,1
2231ec449282f6caa46d66c6c9ecadd79b2b29a93d2dcd6780ba539568c214f5,org.gnome.Screenshot.desktop,1,2026-09-16 05:37:25,2026-09-16 05:37:25,1,EPUJL36T,1
2e4dff1672bbabba74a0a99d54e38e56e036ce8471989583039b3c3e7edac0b7,53EDA42869D426262B752F088EA605187284ACE8,1,2026-09-01 04:58:58,2026-09-01 04:58:58,1,EPZRAPEL,1
30c78bc9ec28a6e4d47708c309f8c88599c71a0fb379a3b4d75847d0f66ef0ca,dash cam.pdf,1,2026-09-24 08:48:40,2026-09-24 08:48:40,1,EPQBJBDX,1
30ecb183653a7b97eb8786dc5487aceb2b7022dafb1eca470c53391f48457a0a,org.kde.k3b.desktop,2,2026-09-15 05:34:33,2026-09-16 05:37:25,1,EPUJL36T,1
39f5d83d7982cfae057053b0dcffa66fca12bee9769b1587a27e4387f56f29ec,tokenized-card.bundle.js,2,2026-09-11 09:23:33,2026-09-11 09:35:09,1,EP4YIFHV,1
404ee57531c33156d62154f49e3700c8c1f09cd0c75692f795748d59b9145088,Final_Documents.zip,1,2026-09-11 10:11:45,2026-09-11 10:11:45,1,EPGSQVEB,1
444d4db051edabd5abb29d93dcc5b07e0c662b03e2d785e4a28dfb7fc8032fc4,wallet_checkout_autofill_driver.js,2,2026-09-11 09:23:33,2026-09-11 09:35:09,1,EP4YIFHV,1
4aab5c4ac7a5cf0aab311362514cda20a2f3beb777a553756bf8ad8c7dfaa2bd,wallet-buynow.bundle.js,2,2026-09-11 09:23:33,2026-09-11 09:35:09,1,EP4YIFHV,1
528c866fabbe17c30e9790a12ac09b94dd820ba4e46b0f9d9bb78a2795992f1c,wallet_donation_driver.js,2,2026-09-11 09:23:33,2026-09-11 09:35:09,1,EP4YIFHV,1
569e425e7f048b1f769c22d65aa91427b69c3d248068af5e628cd9467ef250ca,runtime.bundle.js,2,2026-09-11 09:23:33,2026-09-11 09:35:09,1,EP4YIFHV,1
56bada50510d97878d514009279c3a662d9894a21c344fea8f9f9c5e3094614f,load-ec-i18n.bundle.js,2,2026-09-11 09:23:33,2026-09-11 09:35:09,1,EP4YIFHV,1
574564cd6ed90f7938ab4967d5802f28cddc38ed1148e42838083ea6553c3be5,libeToken.so.10.7.77,1,2026-09-26 15:25:25,2026-09-26 15:25:25,1,EP7UYCXM,1
5b7914202b30fc7e28ddcd2f82502aa8531035b812ee2194d978b7e920f43066,mydoc-10.pdf,1,2026-09-13 17:27:55,2026-09-13 17:27:55,1,EPMVZYZO,1
5c7fc859c5a8f2bba02446c30020bb2b478686d66b566818c7382c840d95720f,12th Plan Works Dashboard.pdf,1,2026-09-12 08:25:09,2026-09-12 08:25:09,1,EPRD7FJT,1
5dd59e8309b4be90aad58871d82a5b3fb6dcd7ff19a7fb34587732512b28739d,recently-used.xbel,1,2026-09-08 11:58:09,2026-09-08 11:58:09,1,EPMDU6L5,1
5e10b3490160cca0fc872f2b026d4b40bafc236852f83d30c9031899e50adc9c,recently-used.xbel,45,2026-09-01 08:09:22,2026-09-26 06:45:13,9,EP3GALVS | EPC2L3UH | EPDRB236 | EPFQSCDV | EPJYEC7F | EPLDM6PE | EPMQTKSL | EPOC6Y4R | EPR4BEDS,1
61a67e53c6c0c80a4e95af35a2997ad2ce59720020fc7438991eda3541df73b6,launcher.exe,1,2026-09-24 12:10:16,2026-09-24 12:10:16,1,EPVSWBNA,1
620389d26167bea08e56a90480f74d3dbd32c3e974f4de7a950953663a3fe6a1,bnpl.bundle.js,2,2026-09-11 09:23:33,2026-09-11 09:35:09,1,EP4YIFHV,1
64efda7704564dd50c7514e74ef3c5252bc68af8f3b0d92358b64771980665af,rawtobr3,5,2026-09-07 11:25:38,2026-09-08 08:12:56,1,EPPGWIOF,1
6594cac08d03782ad43d6b293faff904f20032c8eb37a1b27b6caf57b1aeae5e,brprintconflsr3,5,2026-09-07 11:25:38,2026-09-08 08:12:56,1,EPPGWIOF,1
6c21396c9518fa414ddb4dada2adb09e2d2b2fc5069d89da7e9df2adf2d95287,bnpl_driver.js,2,2026-09-11 09:23:33,2026-09-11 09:35:09,1,EP4YIFHV,1
6f47d71e9ee52102a57e892441333ce18f60ba3e356c565b4742ff12e465234a,miniwallet.bundle.js,2,2026-09-11 09:23:33,2026-09-11 09:35:09,1,EP4YIFHV,1
7234de28b960d15c5557206061f209e85bb114ad4d09c714fd03ab211fdac3f7,chromium.desktop,6,2026-09-02 11:06:47,2026-09-15 09:00:00,2,EP4YIFHV | EPR4BEDS,1
7505de4759aadebf5e21b2cc0f7f13fccdbec968e3b82be70791197fac3d21bc,Dash Camera-49600.00.pdf,1,2026-09-11 12:06:59,2026-09-11 12:06:59,1,EPT3KTUL,1
7c10f54076fba8141f8ef95a701d0a4bdadfc63a5b98bec16b6b68439ebc3dc7,mydoc-9.pdf,1,2026-09-13 17:27:55,2026-09-13 17:27:55,1,EPMVZYZO,1
854b8f7716627df333e8ecfeae5887c02b3195658f7394573fe21b67e93e11be,RAGHAV STNA STNB.pdf,1,2026-09-07 08:43:44,2026-09-07 08:43:44,1,EPJ42VCZ,1
876ede3dba963ec8e7b99252979f3825807187785abb3759b99e3d35e30693fd,notification_fast.bundle.js,2,2026-09-11 09:23:33,2026-09-11 09:35:09,1,EP4YIFHV,1
8798164c56c38f89c8f8d28a2d8969c403037cf889847a9e0e6e275f92c01267,Approve Booking.desktop,1,2026-09-21 05:51:48,2026-09-21 05:51:48,1,EPQIWPBQ,1
8e661de94430dc0293ca7964f0f9b89682e8fd2f56c17fb4b3c3de242d4f58d0,crypto.bundle.js,2,2026-09-11 09:23:33,2026-09-11 09:35:09,1,EP4YIFHV,1
925b63ce20d94bc4a0d98d02d153161dbba9ac61c39ec323ac8a73b2acbde42e,Data1.cab,1,2026-09-15 11:28:56,2026-09-15 11:28:56,1,EPVC2P55,1
92e24303edb5f2b6f1bc6c0c375655717eb2227c1622c4a723791aafce33965d,mydoc-75.pdf,1,2026-09-13 17:27:55,2026-09-13 17:27:55,1,EPMVZYZO,1
93ffd792f92437a850e4939c84442391a624e20446cea276fffcfa2a4c664548,libreoffice-calc.desktop,2,2026-09-23 20:17:43,2026-09-26 11:06:14,2,EP2SJ6NE | EPF4AJCM,1
985d0862ba672e36839438e44cbaf6d18537b53010b778a94bd7d7f2fa85af13,edge_driver.js,2,2026-09-11 09:23:33,2026-09-11 09:35:09,1,EP4YIFHV,1
98d119993c27068f00bdf18a17d6613ae6ce6046b6b6620979282c2662c4efbd,Library Books.xlsx,1,2026-09-10 09:15:06,2026-09-10 09:15:06,1,EPEEHWSG,1
a2beca1870ae689f4b046a20c3d8e2e48557d782dea53489b21a8b0adcef38be,RAGHAV STNC STNA.pdf,1,2026-09-07 08:43:44,2026-09-07 08:43:44,1,EPJ42VCZ,1
ae107170c153cb3eb34c049482722d3937f2c03a6c23cadb9bbdb9034e28b9c0,Strings.dll,1,2026-09-24 12:10:16,2026-09-24 12:10:16,1,EPVSWBNA,1
b5aa710d917ed708f370fe187bbc5fc452e3bb66af0ed4f642e54cd155e86524,notification.bundle.js,2,2026-09-11 09:23:33,2026-09-11 09:35:09,1,EP4YIFHV,1
bde5bba12f076659ab19d3df625dedc7211180038c821b77b431b62647ef231f,Microsoft.Practices.EnterpriseLibrary.Common.dll,1,2026-09-21 10:27:56,2026-09-21 10:27:56,1,EPNPX6VY,1
be85f9803f1e7b29c59f3aa9913c3b60b7cd7eccf595699b306fb2ae1ec492c4,xsane.desktop,2,2026-09-22 19:05:00,2026-09-23 08:58:01,1,EPEEHWSG,1
bee346d14d293f9f4b989362041875b0257477a77759855e41c2f3cd40a6bed2,buynow_driver.js,2,2026-09-11 09:23:33,2026-09-11 09:35:09,1,EP4YIFHV,1
c11e86d9e30b5fad8daf1c15c4dbbfd8d31b581a5d930b9c66d996d3bda11a2f,Lakeside traders.docx,2,2026-09-17 16:43:44,2026-09-18 08:28:01,1,EPAJI3E5,1
c3f9c4a416e9e493005fc3f97adacbcf12956a81cc6c645d255fd023442c8120,c3f9c4a416e9e493005fc3f97adacbcf12956a81cc6c645d255fd023442c8120,2,2026-09-11 09:23:33,2026-09-11 09:35:09,1,EP4YIFHV,1
c6525c5230387653e16f21f408eab8202157b0eddeb180bd91a13e860fbee4f4,zshp1020s.dll,1,2026-09-24 12:10:16,2026-09-24 12:10:16,1,EPVSWBNA,1
d474833503a6404b8106d981c9f0769e4bd97033f45cf424e360b61f659c8cb1,mydoc.pdf,1,2026-09-13 17:27:55,2026-09-13 17:27:55,1,EPMVZYZO,1
d4a23078663777e758c04d2670b0d6aac8aa7ba5f91f811c5d94fa6ce8b7ef56,COMPRESSED FINAL COMPARISION RETIREES WELFARE1.xlsx,4,2026-09-14 13:30:13,2026-09-21 15:12:40,1,EPJ76RZV,1
d604ac767e070cf98b235b0281ef932c463fa11bceaf2fbf743bbf33743b0af1,app-setup.js,2,2026-09-11 09:23:33,2026-09-11 09:35:09,1,EP4YIFHV,1
d831cf990c1445b507ef9fea05a6e483983aa4737fa56fcf650a96af1cee0cd5,Staff_Library_Payment_Final.docx,1,2026-09-26 08:33:21,2026-09-26 08:33:21,1,EPSJWX5J,1
da22b024b1ba07c367e812e3c2f889f60cd3eb9758be906f6d5c231b8b71937b,Lakeside traders.pdf,2,2026-09-17 16:43:44,2026-09-18 08:28:01,1,EPAJI3E5,1
dd294df9886197bd68807cee3bf62d10859b4860bd95421dda6bb67db9648dd1,ops-electron-app.desktop,1,2026-09-25 08:08:50,2026-09-25 08:08:50,1,EPWZ7L6L,1
e3d95016d065059105580ae8ba811cf4bb130b515b8c77e5e58cf95763ad938a,webui-setup.js,2,2026-09-11 09:23:33,2026-09-11 09:35:09,1,EP4YIFHV,1
e45328c4c1f396cd764b5580be946864d7fafd6bb65ea531cf28e40039677745,simple-scan.desktop,2,2026-09-17 11:27:33,2026-09-17 17:40:41,1,EPFQSCDV,1
ecaa09f6bfb7dc121b377b1104c92203b7f8c10197711efa9349587086cea7d5,Journey Request.desktop,5,2026-09-09 18:41:30,2026-09-12 07:52:22,1,EPFFTO5T,1
f0c485571570100898f2d15531fbe4531ba303a252cd40a79b64c1976a5a9890,hp_LJ1020_Full_Solution-v2012_918_1_57980(1).exe | hp_LJ1020_Full_Solution-v2012_918_1_57980(2).exe | hp_LJ1020_Full_Solution-v2012_918_1_57980(3).exe | hp_LJ1020_Full_Solution-v2012_918_1_57980(4).exe | hp_LJ1020_Full_Solution-v2012_918_1_57980.exe,5,2026-09-22 08:01:03,2026-09-22 08:01:03,1,EPSES7ZK,5
f2bf148b4d999cb41ec764960ee718e0c9986a749f3b7be372ad86cf98f323de,load-ec-deps.bundle.js,2,2026-09-11 09:23:33,2026-09-11 09:35:09,1,EP4YIFHV,1
f475a7462dd85932ad7f99354751663d1543adb5e37c7c51ece78e10b6c37189,win-lbp623-621-fw-v1301(1).exe,1,2026-09-08 08:31:09,2026-09-08 08:31:09,1,EPQKOBYG,1
f50ac28892569fd0d2c874dfc89d4a4544421a10a272a5288653cc039821b753,veracrypt.desktop,3,2026-09-15 05:34:33,2026-09-15 09:00:00,3,EPQISY6K | EPR4BEDS | EPUJL36T,1
